{
  "left": {
    "K": [
      [392.0837677906696, 0.09651466969644171, 653.9818607613396],
      [0.0, 392.83150053902585, 463.19040740573223],
      [0.0, 0.0, 1.0]
    ],
    "d": [
      -0.02824979069655475, -0.001401727695675626, -0.004376244149848023,
      0.0008786307534994414
    ]
  },
  "right": {
    "K": [
      [388.74574177260985, 0.0826215245876315, 623.1271674555296],
      [0.0, 389.4785174885806, 466.4353194606035],
      [0.0, 0.0, 1.0]
    ],
    "d": [
      -0.0265293640651633, -0.006296872986913668, -0.0008105709161728515,
      0.00011449364753306902
    ]
  }
}
