{
  "left": {
    "K": [
      [1055.0749385867143, 0.0, 958.114402291486],
      [0.0, 1057.7547044679059, 530.1344953090013],
      [0.0, 0.0, 1.0]
    ],
    "d": [
      0.02339587767844588, -0.02217083585625089, -0.0012448106421282848,
      -0.0008216450706244159, -0.0024802881024103807
    ]
  },
  "right": {
    "K": [
      [1059.2642491340564, 0.0, 944.1862463288852],
      [0.0, 1061.8041591686274, 560.1513030175597],
      [0.0, 0.0, 1.0]
    ],
    "d": [
      0.008035352317049682, 0.04272366857397013, -0.0012066803940401895,
      -0.000575041635377855, -0.08785377904685986
    ]
  }
}
